Judul Berita,Link Berita,Link Gambar
detikNews,https://news.detik.com/berita/d-7365511/mensesneg-soal-ramai-iuran-tapera-kementerian-pupr-kemenkeu-akan-jelaskan,https://akcdn.detik.net.id/visual/2021/02/16/mensesneg-pratikno-3_43.jpeg?w=250&q=
detikFinance,https://finance.detik.com/infrastruktur/d-7360353/292-pns-kemenkeu-pindah-duluan-ke-ikn-salah-satunya-sekjen,https://akcdn.detik.net.id/visual/2024/05/27/sekjen-kementerian-keuangan-heru-pambudi-1_43.jpeg?w=250&q=
detikFinance,https://finance.detik.com/energi/d-7359739/bph-migas-surati-kemenkeu-minta-kuota-bbm-subsidi-buat-2025,https://akcdn.detik.net.id/visual/2024/02/24/bph-migas_43.jpeg?w=250&q=
detikSumbagsel,https://www.detik.com/sumbagsel/berita/d-7359628/pj-wali-kota-palembang-lantik-1-484-pppk-dan-cpns,https://akcdn.detik.net.id/visual/2024/05/27/pj-wali-kota-palembang-lantik-1484-pppk-dan-cpns_43.jpeg?w=250&q=
detikFinance,https://finance.detik.com/infrastruktur/d-7366091/airlangga-bakal-pindah-pertama-ke-ikn-bareng-luhut-cs,https://akcdn.detik.net.id/visual/2024/02/03/progres-pembangunan-rumah-menteri-di-ikndok-kementerian-pupr-3_43.jpeg?w=250&q=
detikFinance,https://finance.detik.com/bursa-dan-valas/d-7365895/ihsg-bergerak-di-zona-merah-seharian-ditutup-loyo-ke-7-034,https://akcdn.detik.net.id/visual/2020/09/10/perdagangan-ihsg-disetop-usai-anjlok-5_43.jpeg?w=250&q=
detikFinance,https://finance.detik.com/cpns/d-7364980/kemenag-buka-110-553-formasi-casn-2024-cek-rinciannya,https://akcdn.detik.net.id/visual/2023/04/19/gedung-kementerian-agama-ri_43.jpeg?w=250&q=
detikEdu,https://www.detik.com/edu/perguruan-tinggi/d-7351798/nadiem-student-loan-masih-butuh-pembahasan-dengan-kemenkeu,https://akcdn.detik.net.id/visual/2023/01/24/mendikbudristek-rapat-kerja-dengan-komisi-x-dpr_43.jpeg?w=250&q=
detikJogja,https://www.detik.com/jogja/bisnis/d-7354656/cpns-2024-kapan-dibuka-cek-jadwal-terbaru-dan-rincian-formasinya,https://akcdn.detik.net.id/visual/2023/08/10/ilustrasi-tes-cpns_43.jpeg?w=250&q=
detikSulsel,https://www.detik.com/sulsel/berita/d-7353417/kapan-pembukaan-cpns-2024-ini-jadwal-syarat-hingga-formasinya,https://akcdn.detik.net.id/visual/2023/09/20/ilustrasi-link-pendaftaran-cpns-2023_43.jpeg?w=250&q=
detikJateng,https://www.detik.com/jateng/bisnis/d-7353242/kapan-pendaftaran-cpns-2024-dibuka-cek-info-terbarunya,https://akcdn.detik.net.id/visual/2022/10/17/senangnya-orang-orang-ini-diangkat-jadi-pns-1_43.jpeg?w=250&q=
detikSulsel,https://www.detik.com/sulsel/berita/d-7352247/kapan-pendaftaran-cpns-2024-simak-informasinya-di-sini,https://akcdn.detik.net.id/visual/2023/08/10/ilustrasi-tes-cpns_43.jpeg?w=250&q=
detikHealth,https://health.detik.com/berita-detikhealth/d-7365760/wanti-wanti-rokok-ilegal-di-balik-masih-tingginya-prevalensi-perokok-ri,https://akcdn.detik.net.id/visual/2024/05/29/detikcom-leaders-forum-bahas-arah-industri-tembakau-dan-pengaturan-akses-anak-8_43.jpeg?w=250&q=
detikJateng,https://www.detik.com/jateng/berita/d-7365388/35-ucapan-hari-lahir-pancasila-2024-yang-penuh-semangat-dan-inspirasi,https://akcdn.detik.net.id/visual/2024/05/30/hari-lahir-pancasila-4_43.jpeg?w=250&q=
detikJabar,https://www.detik.com/jabar/berita/d-7348859/pemkab-karawang-buka-seleksi-cpns-dan-pppk-ini-formasinya,https://akcdn.detik.net.id/visual/2023/08/20/ilustrasi-lowongan-cpns-dan-pppk_43.jpeg?w=250&q=
detikSumut,https://www.detik.com/sumut/berita/d-7340380/formasi-cpns-kemenag-2024-terbanyak-dalam-sejarah-cpns-kemenag,https://akcdn.detik.net.id/visual/2023/08/10/ilustrasi-tes-cpns_43.jpeg?w=250&q=
detikJogja,https://www.detik.com/jogja/bisnis/d-7365079/segini-gaji-ptps-pilkada-2024-apa-saja-tugas-dan-wewenangnya,https://akcdn.detik.net.id/visual/2019/03/25/d7dcb0a7-a2e9-41ff-b30f-52b621fe954c_43.jpeg?w=250&q=
detikFinance,https://finance.detik.com/berita-ekonomi-bisnis/d-7344558/persiapkan-talenta-sri-mulyani-beri-pesan-ke-calon-pemimpin-kemenkeu,https://akcdn.detik.net.id/visual/2024/04/28/sri-mulyani-rela-malam-minggu-rapat-di-bea-cukai-gegara-banyak-kasus-viral-2_43.jpeg?w=250&q=
detikFinance,https://finance.detik.com/cpns/d-7279306/15-instansi-cpns-sepi-peminat-info-untuk-cpns-2024,https://akcdn.detik.net.id/visual/2023/08/20/ilustrasi-lowongan-cpns-dan-pppk_43.jpeg?w=250&q=
detikHikmah,https://www.detik.com/hikmah/haji-dan-umrah/d-7365180/5-cerita-perjuangan-jemaah-haji-indonesia-bisa-sampai-ke-tanah-suci-bikin-haru,https://akcdn.detik.net.id/visual/2024/05/24/kisah-penjual-pisang-yang-nabung-sejak-1986-naik-haji-tahun-ini_43.jpeg?w=250&q=
detikFinance,https://finance.detik.com/berita-ekonomi-bisnis/d-7342026/jokowi-turun-tangan-soal-bea-cukai-kemenkeu-bilang-begini,https://akcdn.detik.net.id/visual/2020/03/11/48ea66b7-adbf-4582-a2db-5bcff8faa395_43.jpeg?w=250&q=
detikJateng,https://www.detik.com/jateng/bisnis/d-7365972/syarat-dan-ketentuan-kredit-rumah-tapera-ini-jenis-program-dokumennya,https://akcdn.detik.net.id/visual/2018/02/19/4a8a921c-8c63-4904-bc9a-b7331640c541_43.jpeg?w=250&q=
detikFinance,https://finance.detik.com/berita-ekonomi-bisnis/d-7310068/kemenkeu-lelang-rubicon-mario-dandy-mulai-rp-809-juta-minat,https://akcdn.detik.net.id/visual/2024/04/20/potret-rubicon-bekas-mario-dandy-yang-dilelang-2_43.jpeg?w=250&q=
detikJatim,https://www.detik.com/jatim/bisnis/d-7307581/kemenkeu-jadikan-jagoan-banyuwangi-pilot-project-pengembangan-umkm-nasional,https://akcdn.detik.net.id/visual/2024/04/24/program-jagoan-banyuwangi-dilirik-kemenkeu_43.jpeg?w=250&q=
detikFinance,https://finance.detik.com/berita-ekonomi-bisnis/d-7241528/bocoran-amunisi-kemenkeu-lawan-gugatan-pengusaha-hiburan,https://akcdn.detik.net.id/visual/2023/03/03/ilustrasi-hukum-2_43.jpeg?w=250&q=
detikFinance,https://finance.detik.com/berita-ekonomi-bisnis/d-7298212/kemenkeu-sebut-konflik-iran-vs-israel-bisa-ganggu-ekonomi-ri,https://akcdn.detik.net.id/visual/2024/04/16/yordania-diduga-bantu-israel-lawan-iran-warga-protes_43.jpeg?w=250&q=
detikFinance,https://finance.detik.com/bursa-dan-valas/d-7364700/aduh-ihsg-melempem-hari-ini-ke-7-082,https://akcdn.detik.net.id/visual/2021/11/19/ihsg-ditutup-menguat-3_43.jpeg?w=250&q=
detikFinance,https://finance.detik.com/berita-ekonomi-bisnis/d-7344631/kemenkeu-sudah-kumpulkan-rp-24-12-t-dari-pajak-kripto-fintech-ini-rinciannya,https://akcdn.detik.net.id/visual/2021/09/14/ilustrasi-pajak_43.jpeg?w=250&q=
detikJabar,https://www.detik.com/jabar/berita/d-7170374/itb-dukung-kemenkeu-bentuk-student-loan,https://akcdn.detik.net.id/visual/2024/01/31/itb-buka-suara-soal-pembayaran-ukt-lewat-danacita_43.jpeg?w=250&q=
detikFinance,https://finance.detik.com/cpns/d-7256938/cara-cek-formasi-cpns-2024-lewat-online,https://akcdn.detik.net.id/visual/2023/08/10/ilustrasi-tes-cpns_43.jpeg?w=250&q=
detikFinance,https://finance.detik.com/berita-ekonomi-bisnis/d-7243312/horeee-cpns-juga-bakal-dapet-thr-2024,https://akcdn.detik.net.id/visual/2024/03/15/konferensi-pers-thr-dan-gaji-ke-13-tahun-2024_43.jpeg?w=250&q=
detikJateng,https://www.detik.com/jateng/bisnis/d-7316691/kapan-pendaftaran-cpns-2024-dibuka-begini-penjelasan-menpan-rb,https://akcdn.detik.net.id/visual/2024/04/29/menpan-rb-azwar-anas-seusai-menghadiri-acara-musrenbang-provinsi-jateng-di-gedung-gradika-semarang-senin-2942024_43.jpeg?w=250&q=
detikSumbagsel,https://www.detik.com/sumbagsel/berita/d-7313998/35-contoh-soal-tkd-untuk-latihan-tes-bumn-dan-cpns,https://akcdn.detik.net.id/visual/2023/04/11/ilustrasi-contoh-soal-bahasa-indonesia-1_43.jpeg?w=250&q=
detikFinance,https://finance.detik.com/berita-ekonomi-bisnis/d-7343515/30-motor-royal-enfield-yang-dilelang-kemenkeu-laku-rp-2-1-miliar,https://akcdn.detik.net.id/visual/2024/05/06/bea-cukai-lelang-30-unit-royal-enfield-6_43.jpeg?w=250&q=
detikSumut,https://www.detik.com/sumut/berita/d-7310189/pendaftaran-cpns-2024-dibuka-jadwal-syarat-dan-formasinya,https://akcdn.detik.net.id/visual/2023/08/10/ilustrasi-tes-cpns_43.jpeg?w=250&q=
detikNews,https://news.detik.com/berita/d-7270719/ketua-mpr-ri-bamsoet-dukung-pemisahan-ditjen-pajak-dari-kemenkeu,https://akcdn.detik.net.id/visual/2024/03/31/bambang-soesatyo_43.jpeg?w=250&q=
detikSumbagsel,https://www.detik.com/sumbagsel/berita/d-7305065/pendaftaran-cpns-2024-link-resmi-formasi-dan-syarat-registrasi,https://akcdn.detik.net.id/visual/2023/08/20/ilustrasi-lowongan-cpns-dan-pppk_43.jpeg?w=250&q=
detikFinance,https://finance.detik.com/berita-ekonomi-bisnis/d-7269716/sri-mulyani-berduka-eks-irjen-kemenkeu-agus-muhammad-tutup-usia,https://akcdn.detik.net.id/visual/2024/03/30/mantan-irjen-kemenkeu-agus-muhammad-tutup-usia_43.jpeg?w=250&q=
detikFinance,https://finance.detik.com/cpns/d-7303416/kapan-seleksi-cpns-2024-dibuka-ini-bocoran-dari-bkn,https://akcdn.detik.net.id/visual/2022/01/20/pemerintah-kota-cimahi-tidak-akan-menerima-calon-pegawai-negeri-sipil-pada-tahun-2022_43.jpeg?w=250&q=
detikProperti,https://www.detik.com/properti/berita/d-7363446/tarif-listrik-naik-lagi-rumah-dengan-daya-3-500-va-bakal-kena,https://akcdn.detik.net.id/visual/2021/07/20/diskon-tarif-listrik-saat-ppkm-darurat-2_43.jpeg?w=250&q=
detikFinance,https://finance.detik.com/berita-ekonomi-bisnis/d-7337386/pejabat-bea-cukai-yang-dilaporkan-ke-kemenkeu-dibebastugaskan,https://akcdn.detik.net.id/visual/2022/01/25/direktur-komunikasi-dan-bimbingan-pengguna-jasa-djbc-nirwala-dwi-heryanto-dok-ditjen-bea-cukai_43.jpeg?w=250&q=
detikJabar,https://www.detik.com/jabar/jabar-gaskeun/d-7297995/jadwal-seleksi-cpns-dan-pppk-2024-hingga-jumlah-formasinya,https://akcdn.detik.net.id/visual/2023/08/10/ilustrasi-tes-cpns_43.jpeg?w=250&q=
detikSumut,https://www.detik.com/sumut/berita/d-7295115/pendaftaran-cpns-2024-dibuka-berikut-syarat-dan-dokumen-pentingnya,https://akcdn.detik.net.id/visual/2023/08/10/ilustrasi-tes-cpns_43.jpeg?w=250&q=
detikFinance,https://finance.detik.com/berita-ekonomi-bisnis/d-7243066/bocoran-isi-pertemuan-ahy-sri-mulyani-di-kemenkeu,https://akcdn.detik.net.id/visual/2024/03/15/menteri-agraria-dan-tata-ruang-atrbpn-agus-harimurti-yudhoyono-ahy_43.jpeg?w=250&q=
detikFinance,https://finance.detik.com/infrastruktur/d-7101428/kemenkeu-lahan-hotel-sultan-barang-milik-negara,https://akcdn.detik.net.id/visual/2023/11/15/hotel-sultan-ramai-pengunjung-jelang-konser-coldplay-3_43.jpeg?w=250&q=
detikBali,https://www.detik.com/bali/berita/d-7179605/karangasem-usulkan-2-850-formasi-pppk-cpns-2024,https://akcdn.detik.net.id/visual/2023/05/05/kepala-bpksdm-karangasem-i-komang-agus-sukasena_43.jpeg?w=250&q=
detikJabar,https://www.detik.com/jabar/bisnis/d-7229821/layanan-pajak-di-jabar-bakal-terintegrasi-dengan-core-tax-kemenkeu,https://akcdn.detik.net.id/visual/2024/03/07/bapenda-jabar_43.jpeg?w=250&q=
detikFinance,https://finance.detik.com/berita-ekonomi-bisnis/d-7224554/jaga-ketahanan-pangan-kemenkeu-bakal-bentuk-dana-siaga-buat-bapanas,https://akcdn.detik.net.id/visual/2024/03/04/memantau-harga-sembako-di-pasar-senen-jelang-ramadan-7_43.jpeg?w=250&q=
detikFinance,https://finance.detik.com/berita-ekonomi-bisnis/d-7206932/kemenkeu-blak-blakan-anggaran-bansos-beras-blt-begini-datanya,https://akcdn.detik.net.id/visual/2019/12/04/59d80080-12e4-468c-8d51-2fbf60b4868b_43.jpeg?w=250&q=
detikFinance,https://finance.detik.com/berita-ekonomi-bisnis/d-7206959/soal-insentif-pajak-hiburan-kemenkeu-tunggu-inisiatif-pemda,https://akcdn.detik.net.id/visual/2024/01/19/ilustrasi-pajak-hiburan-2_43.jpeg?w=250&q=
detikFinance,https://finance.detik.com/berita-ekonomi-bisnis/d-7198740/lantik-pejabat-kemenkeu-sri-mulyani-sampaikan-pesan-penting-ini,https://akcdn.detik.net.id/visual/2023/03/17/menteri-keuangan-sri-mulyani-indrawati_43.jpeg?w=250&q=
detikBali,https://www.detik.com/bali/nusra/d-7279023/disetujui-kemenpan-rb-pemkot-kupang-buka-135-formasi-cpns,https://akcdn.detik.net.id/visual/2024/04/04/pj-wali-kota-kupang-fahrensy-priestley-funay-dok-pemkot-kupang_43.jpeg?w=250&q=
detikEdu,https://www.detik.com/edu/perguruan-tinggi/d-7278423/pemerintah-bolehkan-lulusan-mahad-aly-ikut-cpns-2024-segini-kuotanya,https://akcdn.detik.net.id/visual/2023/12/27/menteri-agama-yaqut-cholil-qoumas_43.jpeg?w=250&q=
detikJatim,https://www.detik.com/jatim/bisnis/d-7132108/berapa-formasi-dalam-pendaftaran-cpns-2024,https://akcdn.detik.net.id/visual/2023/09/20/ilustrasi-link-pendaftaran-cpns-2023_43.jpeg?w=250&q=
detikFinance,https://finance.detik.com/cpns/d-7273960/kemendikbudristek-buka-40-541-lowongan-cpns-dan-pppk-ini-rinciannya,https://akcdn.detik.net.id/visual/2023/02/03/ilustrasi-pegawai-asn_43.jpeg?w=250&q=
detikJateng,https://www.detik.com/jateng/bisnis/d-7272867/rekor-kemenag-buka-110-553-lowongan-cpns-dan-pppk,https://akcdn.detik.net.id/visual/2023/08/20/ilustrasi-lowongan-cpns-dan-pppk_43.jpeg?w=250&q=
detikJatim,https://www.detik.com/jatim/berita/d-7122666/pengumuman-cpns-2024-ada-6-tahapan-seleksi,https://akcdn.detik.net.id/visual/2023/08/10/ilustrasi-tes-cpns_43.jpeg?w=250&q=
detikJateng,https://www.detik.com/jateng/bisnis/d-7262715/pemkab-magelang-buka-lowongan-825-cpns-dan-pppk-ini-rinciannya,https://akcdn.detik.net.id/visual/2024/03/26/kantor-pemkab-magelang_43.jpeg?w=250&q=
detikSumut,https://www.detik.com/sumut/berita/d-7337528/formasi-cpns-kemensos-2024-beserta-jadwal-dan-syaratnya,https://akcdn.detik.net.id/visual/2023/08/10/ilustrasi-tes-cpns_43.jpeg?w=250&q=
detikFinance,https://finance.detik.com/fintech/d-7312047/kemenkeu-kantongi-rp-112-m-dari-pajak-kripto-sejak-awal-2024,https://akcdn.detik.net.id/visual/2021/09/23/ilustrasi-kripto_43.jpeg?w=250&q=
detikFinance,https://finance.detik.com/fintech/d-7312047/kemenkeu-kantongi-rp-112-m-dari-pajak-kripto-sejak-awal-2024,https://akcdn.detik.net.id/visual/2021/09/23/ilustrasi-kripto_43.jpeg?w=250&q=
detikFinance,https://finance.detik.com/berita-ekonomi-bisnis/d-7311056/siuuu-hari-ini-kemenkeu-lelang-rubicon-mario-dandy-rp-809-juta,https://akcdn.detik.net.id/visual/2024/04/20/potret-rubicon-bekas-mario-dandy-yang-dilelang-2_43.jpeg?w=250&q=
detikJatim,https://www.detik.com/jatim/hukum-dan-kriminal/d-7251454/eks-sekdin-dispora-malang-ditahan-kejaksaan-atas-kasus-penipuan-cpns,https://akcdn.detik.net.id/visual/2024/03/20/penipuan-cpns-malang_43.jpeg?w=250&q=
detikFinance,https://finance.detik.com/cpns/d-7250650/siap-siap-pemerintah-buka-seleksi-cpns-pppk-mei-2024,https://akcdn.detik.net.id/visual/2020/09/14/tes-cpns-di-kota-bandung-terapkan-protokol-kesehatan-5_43.jpeg?w=250&q=
detikFinance,https://finance.detik.com/berita-ekonomi-bisnis/d-7310010/bunga-utang-pemerintah-naik-gegara-dolar-as-ngamuk-ini-langkah-kemenkeu,https://akcdn.detik.net.id/visual/2018/01/17/7e98e5d8-bd67-4e41-bdf8-7e7362f9bb0f_43.jpeg?w=250&q=
detikFinance,https://finance.detik.com/berita-ekonomi-bisnis/d-7249947/rekrutmen-cpns-dibuka-tiga-kali-pelamar-cuma-boleh-daftar-sekali,https://akcdn.detik.net.id/visual/2023/02/03/ilustrasi-pegawai-asn_43.jpeg?w=250&q=
detikFinance,https://finance.detik.com/berita-ekonomi-bisnis/d-7249553/pemerintah-bakal-buka-seleksi-cpns-ppk-mei-2024,https://akcdn.detik.net.id/visual/2023/02/03/ilustrasi-pegawai-asn_43.jpeg?w=250&q=
detikFinance,https://finance.detik.com/berita-ekonomi-bisnis/d-7308700/rasio-utang-ri-ditarget-naik-di-tahun-pertama-prabowo-gibran-ini-kata-kemenkeu,https://akcdn.detik.net.id/visual/2018/01/17/4bcb4a2d-1483-4be6-819b-3e63c586e51f_43.jpeg?w=250&q=
detikSulsel,https://www.detik.com/sulsel/makassar/d-7247908/kemenpan-rb-setujui-usulan-3-000-formasi-cpns-pppk-pemkot-makassar,https://akcdn.detik.net.id/visual/2024/03/18/kepala-bkpsdm-makassar-akhmad-namsum_43.jpeg?w=250&q=
detikFinance,https://finance.detik.com/berita-ekonomi-bisnis/d-7160693/kemenkeu-target-realisasi-lelang-2024-tembus-rp-35-triliun,https://akcdn.detik.net.id/visual/2024/01/25/direktur-lelang-direktorat-jenderal-kekayaan-negara-djkn-kementerian-keuangan-joko-prihanto-1_43.jpeg?w=250&q=
detikFinance,https://finance.detik.com/moneter/d-7160337/lelang-aset-kasus-jiwasraya-bikin-kemenkeu-panen-di-2023,https://akcdn.detik.net.id/visual/2019/01/04/9bfd89b6-362a-4b5e-a66c-a0e6de191cc6_43.jpeg?w=250&q=
detikJogja,https://www.detik.com/jogja/bisnis/d-7244865/perkiraan-jadwal-rekrutmen-cpns-2024-ini-syarat-dan-ketentuannya,https://akcdn.detik.net.id/visual/2023/08/10/ilustrasi-tes-cpns_43.jpeg?w=250&q=
detikFinance,https://finance.detik.com/cpns/d-7244034/4-instansi-pusat-tidak-usulkan-formasi-cpns-apa-saja,https://akcdn.detik.net.id/visual/2024/03/14/menpan-rb-abdullah-azwar-anas_43.jpeg?w=250&q=
detikBali,https://www.detik.com/bali/berita/d-7242979/pemkab-klungkung-akan-rekrut-2-050-cpns-dan-pppk-tahun-2024,https://akcdn.detik.net.id/visual/2024/03/15/asn-dan-tenaga-honorer-di-dprd-klungkung_43.jpeg?w=250&q=
detikFinance,https://finance.detik.com/cpns/d-7242321/siap-siap-ada-rekrutmen-cpns-buat-fresh-graduate-nih-bocorannya,https://akcdn.detik.net.id/visual/2023/08/10/ilustrasi-tes-cpns_43.jpeg?w=250&q=
detikFinance,https://finance.detik.com/cpns/d-7241051/cerita-menpan-rb-dikomplain-gegara-formasi-cpns-fresh-graduate-minim,https://akcdn.detik.net.id/visual/2024/02/27/menpan-rb-abdullah-azwar-anas_43.jpeg?w=250&q=
detikSumut,https://www.detik.com/sumut/bisnis/d-7155387/kemenkeu-jelaskan-alasan-naikkan-pajak-hiburan-40-75,https://akcdn.detik.net.id/visual/2024/01/19/ilustrasi-pajak-hiburan_43.jpeg?w=250&q=
detikFinance,https://finance.detik.com/berita-ekonomi-bisnis/d-7155420/kemenkeu-siap-siap-lawan-pengusaha-soal-pajak-hiburan-di-mk,https://akcdn.detik.net.id/visual/2019/05/23/164eb950-27f5-478c-968f-1582fb989bcd_43.jpeg?w=250&q=
detikFinance,https://finance.detik.com/infrastruktur/d-7296484/ahy-ungkap-usulan-tambah-anggaran-rp-657-m-direspons-positif-kemenkeu,https://akcdn.detik.net.id/visual/2024/04/17/menteri-agraria-dan-tata-ruangkepala-badan-pertanahan-nasional-atrbpn-agus-harimurti-yudhoyono-ahy-1_43.jpeg?w=250&q=
detikFinance,https://finance.detik.com/cpns/d-7237335/aturan-baru-hampir-beres-rekrutmen-cpns-dibuka-3-kali-setahun,https://akcdn.detik.net.id/visual/2023/08/10/ilustrasi-tes-cpns_43.jpeg?w=250&q=
detikFinance,https://finance.detik.com/berita-ekonomi-bisnis/d-7149739/sri-mulyani-diisukan-siap-mundur-kemenkeu-bilang-begini,https://akcdn.detik.net.id/visual/2023/11/29/menteri-pupr-basuki-hadimuljono-dan-menteri-keuangan-sri-mulyani-dalam-agenda-serah-terima-bmn-di-kementerian-pupr-1_43.jpeg?w=250&q=
detikSumbagsel,https://www.detik.com/sumbagsel/hukum-dan-kriminal/d-7231644/peran-4-tersangka-kasus-joki-cpns-kejaksaan-lampung-3-ditahan,https://akcdn.detik.net.id/visual/2024/03/08/direktur-ditreskrimsus-polda-lampung-kombes-dony-arief-praptomo_43.jpeg?w=250&q=
detikSumbagsel,https://www.detik.com/sumbagsel/hukum-dan-kriminal/d-7230217/polisi-tetapkan-4-tersangka-baru-joki-cpns-libatkan-mahasiswa-itb,https://akcdn.detik.net.id/visual/2024/03/07/direktur-ditreskrimsus-polda-lampung-kombes-dony-arief-praptomo_43.jpeg?w=250&q=
detikJateng,https://www.detik.com/jateng/bisnis/d-7337101/formasi-cpns-kemenhub-2024-lengkap-syarat-jadwal-dan-cara-daftarnya,https://akcdn.detik.net.id/visual/2023/08/10/ilustrasi-tes-cpns_43.jpeg?w=250&q=
detikFinance,https://finance.detik.com/berita-ekonomi-bisnis/d-6935445/pengumuman-pendaftaran-cpns-diundur,https://akcdn.detik.net.id/visual/2021/11/19/cpns-kemenkumham_43.jpeg?w=250&q=
detikFinance,https://finance.detik.com/cpns/d-7212098/menteri-pan-rb-sebut-pendaftaran-cpns-bisa-dibuka-mei-asal,https://akcdn.detik.net.id/visual/2023/08/10/ilustrasi-tes-cpns_43.jpeg?w=250&q=
detikNews,https://news.detik.com/pemilu/d-7129459/prabowo-jawab-ganjar-anggaran-tak-disetujui-kemenkeu-hingga-diganggu-covid,https://akcdn.detik.net.id/visual/2024/01/07/adu-ide-prabowo-ganjar-dan-anies-di-segmen-ketiga-debat-capres-2024-3_43.jpeg?w=250&q=
detikNews,https://news.detik.com/detiktv/d-7129529/prabowo-anggaran-tak-disetujui-kemenkeu-hingga-pandemi-covid-19,https://akcdn.detik.net.id/visual/2024/01/07/prabowo-kedipkan-mata-ke-ganjar-dok-kpu_43.jpeg?w=250&q=
detikFinance,https://finance.detik.com/berita-ekonomi-bisnis/d-7128631/prabowo-tunda-beli-12-pesawat-tempur-kemenkeu-buka-suara,https://akcdn.detik.net.id/visual/2023/06/15/ri-borong-jet-tempur-bekas-qatar-rp-12-t-nih-tampangnya_43.jpeg?w=250&q=
detikBali,https://www.detik.com/bali/berita/d-7207466/kapan-rekrutmen-cpns-2024-ini-jadwal-syarat-dan-cara-pendaftaran,https://akcdn.detik.net.id/visual/2023/08/10/ilustrasi-tes-cpns_43.jpeg?w=250&q=
detikEdu,https://www.detik.com/edu/detikpedia/d-7200620/rekrutmen-cpns-2024-jadwal-syarat-dan-cara-mendaftar-di-sscasn,https://akcdn.detik.net.id/visual/2023/11/15/proses-screening-tes-cpns-di-surabaya-4_43.jpeg?w=250&q=
detikEdu,https://www.detik.com/edu/edutainment/d-7199179/mau-daftar-cpns-2024-ketahui-syarat-dan-caranya,https://akcdn.detik.net.id/visual/2023/03/08/masa-sanggah-casn_43.jpeg?w=250&q=
detikFinance,https://finance.detik.com/berita-ekonomi-bisnis/d-7121016/kemenkeu-sebut-ada-12-juta-nik-belum-didaftarkan-jadi-npwp,https://akcdn.detik.net.id/visual/2021/10/26/rencana-nik-ktp-jadi-npwp-1_43.jpeg?w=250&q=
detikFinance,https://finance.detik.com/cpns/d-7193365/rincian-formasi-cpns-2024-lengkap-dengan-syarat-dan-cara-daftarnya,https://akcdn.detik.net.id/visual/2018/11/28/de7f69b4-4b08-48c7-a5c0-8d4ccb00a93d_43.jpeg?w=250&q=
detikEdu,https://www.detik.com/edu/beasiswa/d-7364099/siap-siap-daftar-beasiswa-lpdp-tahap-2-2024-tak-harus-punya-loa,https://akcdn.detik.net.id/visual/2024/03/05/laman-beasiswa-lpdp_43.png?w=250&q=
detikEdu,https://www.detik.com/edu/detikpedia/d-7181827/cara-daftar-cpns-2024-di-sscasn-bkn-go-id-siap-siap,https://akcdn.detik.net.id/visual/2021/11/12/pengumuman-skd-cpns-tahap-2-ini-daftar-25-kementerian-yang-termasuk_43.jpeg?w=250&q=
detikBali,https://www.detik.com/bali/berita/d-7173284/gianyar-usulkan-7-864-formasi-pppk-dan-cpns-tahun-ini,https://akcdn.detik.net.id/visual/2023/09/18/kantor-bupati-gianyar-foto-sippnmenpangoid_43.jpeg?w=250&q=
detikJatim,https://www.detik.com/jatim/hukum-dan-kriminal/d-7037714/joki-tes-cpns-kemenkumham-di-surabaya-tertangkap,https://akcdn.detik.net.id/visual/2023/11/15/pria-jadi-joki-cpns-di-surabaya-ditangkap-3_43.jpeg?w=250&q=
detikFinance,https://finance.detik.com/berita-ekonomi-bisnis/d-7170509/200-ribu-formasi-cpns-dibuka-khusus-ikn-tempat-tinggal-disiapkan,https://akcdn.detik.net.id/visual/2023/03/17/penampakan-rusun-pekerja-di-ikn-nusantara-2_43.jpeg?w=250&q=
detikFinance,https://finance.detik.com/berita-ekonomi-bisnis/d-7090237/mahfud-md-minta-kemenkeu-bayar-utang-ke-jusuf-hamka,https://akcdn.detik.net.id/visual/2023/12/03/mahfud-md-foto-dok-instagram-mohmahfudmd_43.jpeg?w=250&q=
detikFinance,https://finance.detik.com/berita-ekonomi-bisnis/d-7084851/kemenkeu-lelang-emas-antam-hingga-berlian-harga-di-bawah-pasaran,https://akcdn.detik.net.id/visual/2016/10/10/3566b5cb-8556-4511-9e68-9c9998d856be_43.jpg?w=250&q=
detikNews,https://news.detik.com/berita/d-7163126/peserta-seleksi-dosen-cpns-2023-adukan-dugaan-kecurangan-kemendikbud-selidiki,https://akcdn.detik.net.id/visual/2021/11/23/bkn-pusat-umumkan-jadwal-skb-cpns-2021-ini-informasinya_43.jpeg?w=250&q=
detikFinance,https://finance.detik.com/berita-ekonomi-bisnis/d-7082938/kemenkeu-lelang-ps5-hasil-gratifikasi-rp-4-jutaan,https://akcdn.detik.net.id/visual/2020/12/27/ilustrasi-playstation-5_43.jpeg?w=250&q=
detikFinance,https://finance.detik.com/berita-ekonomi-bisnis/d-7083039/kemenkeu-luncurkan-pembiayaan-startup-yang-berkontribusi-ke-lingkungan,https://akcdn.detik.net.id/visual/2023/12/11/peluncuran-pembiayaan-catalytic-funding_43.jpeg?w=250&q=
detikSulsel,https://www.detik.com/sulsel/hukum-dan-kriminal/d-7155576/bantahan-kadis-ketapang-sulbar-soal-anaknya-keroyok-cpns-mamuju,https://akcdn.detik.net.id/visual/2024/01/22/mamuju-1_43.jpeg?w=250&q=
detikFinance,https://finance.detik.com/berita-ekonomi-bisnis/d-7078021/kemenkeu-dorong-penggunaan-apbn-2024-untuk-kesejahteraan-anak-anak,https://akcdn.detik.net.id/visual/2023/12/07/ilustrasi-anak-anak_43.jpeg?w=250&q=
detikEdu,https://www.detik.com/edu/perguruan-tinggi/d-7075070/kemenkeu-buka-posisi-magang-merdeka-batch-6-ini-link-daftarnya,https://akcdn.detik.net.id/visual/2023/12/06/magang-merdeka-x-kementerian-keuangan_43.jpeg?w=250&q=
detikFinance,https://finance.detik.com/berita-ekonomi-bisnis/d-7075162/kemenkeu-tingkatkan-kinerja-penyerapan-apbn-2024-ini-tujuannya,https://akcdn.detik.net.id/visual/2023/12/06/kemenkeu-apbn-2024_43.jpeg?w=250&q=
detikFinance,https://finance.detik.com/berita-ekonomi-bisnis/d-7290687/viral-video-sri-mulyani-bicara-utang-negara-di-sidang-mk-kemenkeu-pastikan-hoax,https://akcdn.detik.net.id/visual/2024/04/05/sri-mulyani-di-sidang-mk_43.png?w=250&q=
detikSulsel,https://www.detik.com/sulsel/hukum-dan-kriminal/d-7151630/cpns-di-mamuju-dikeroyok-anak-kadis-ketapang-sulbar-pelaku-ditangkap,https://akcdn.detik.net.id/visual/2023/07/25/ilustrasi-penangkapan_43.jpeg?w=250&q=
detikSulsel,https://www.detik.com/sulsel/hukum-dan-kriminal/d-7151630/cpns-di-mamuju-dikeroyok-anak-kadis-ketapang-sulbar-pelaku-ditangkap,https://akcdn.detik.net.id/visual/2023/07/25/ilustrasi-penangkapan_43.jpeg?w=250&q=
detikSulsel,https://www.detik.com/sulsel/makassar/d-7318228/kapolda-sulsel-soal-dugaan-pungli-cpns-unm-laporan-ada-berarti-ada-korban,https://akcdn.detik.net.id/visual/2024/02/15/irjen-andi-rian_43.jpeg?w=250&q=
detikFinance,https://finance.detik.com/infrastruktur/d-7318206/menpan-rb-rapat-bareng-bkn-bahas-rekrutmen-cpns-pemindahan-asn-ke-ikn,https://akcdn.detik.net.id/visual/2024/04/17/menteri-pendayagunaan-aparatur-negara-dan-reformasi-birokrasi-pan-rb-abdullah-azwar-anas_43.jpeg?w=250&q=
detikJateng,https://www.detik.com/jateng/bisnis/d-7019126/kapan-penjadwalan-skd-cpns-2023-berikut-informasinya,https://akcdn.detik.net.id/visual/2023/08/10/ilustrasi-tes-cpns_43.jpeg?w=250&q=
detikJateng,https://www.detik.com/jateng/bisnis/d-7316946/hore-pemerintah-siapkan-insentif-buat-cpns-pppk-2024-di-daerah-3t,https://akcdn.detik.net.id/visual/2021/08/03/ilustrasi-pelamar-cpns_43.jpeg?w=250&q=
detikJateng,https://www.detik.com/jateng/bisnis/d-7316766/bkd-jateng-beri-bocoran-jadwal-seleksi-cpns-pppk-2024-formasi-dan-kuotanya,https://akcdn.detik.net.id/visual/2023/08/10/ilustrasi-tes-cpns_43.jpeg?w=250&q=
detikJogja,https://www.detik.com/jogja/bisnis/d-7148606/tiga-periode-seleksi-cpns-2024-dimulai-maret-ini-formasi-syaratnya,https://akcdn.detik.net.id/visual/2023/08/20/ilustrasi-lowongan-cpns-dan-pppk_43.jpeg?w=250&q=
detikJatim,https://www.detik.com/jatim/berita/d-7147999/seleksi-cpns-2024-dibagi-3-periode-pendaftaran-mulai-maret,https://akcdn.detik.net.id/visual/2023/08/10/ilustrasi-tes-cpns_43.jpeg?w=250&q=
detikSulsel,https://www.detik.com/sulsel/makassar/d-7313125/polda-periksa-dekan-soal-dugaan-pungli-cpns-unm-rektor-husain-syam-mangkir,https://akcdn.detik.net.id/visual/2022/12/29/kampus-unm-makassar_43.jpeg?w=250&q=
detikEdu,https://www.detik.com/edu/edutainment/d-7144122/kuota-cpns-fresh-graduate-2024-capai-690-822-cek-formasinya,https://akcdn.detik.net.id/visual/2022/10/17/senangnya-orang-orang-ini-diangkat-jadi-pns_43.jpeg?w=250&q=
detikFinance,https://finance.detik.com/berita-ekonomi-bisnis/d-7062288/ribuan-pegawai-kemenkeu-tiba-tiba-berhamburan-keluar-ada-apa,https://akcdn.detik.net.id/visual/2023/11/29/simulasi-gempa-di-kemenkeu-2_43.jpeg?w=250&q=
detikEdu,https://www.detik.com/edu/detikpedia/d-6980186/kapan-tes-skd-cpns-berlangsung-simak-jadwal-cpns-2023-di-sini,https://akcdn.detik.net.id/visual/2021/11/01/kejaksaaan-agung-belum-umumkan-skd-cpns-2021-jadi-kapan_43.jpeg?w=250&q=
detikSulsel,https://www.detik.com/sulsel/makassar/d-7313125/polda-periksa-dekan-soal-dugaan-pungli-cpns-unm-rektor-husain-syam-mangkir,https://akcdn.detik.net.id/visual/2022/12/29/kampus-unm-makassar_43.jpeg?w=250&q=
detikFinance,https://finance.detik.com/cpns/d-7139038/pengumuman-lowongan-cpns-dan-pppk-2024-dibuka-bulan-mei,https://akcdn.detik.net.id/visual/2023/02/23/ilustrasi-pns_43.jpeg?w=250&q=
detikFinance,https://finance.detik.com/berita-ekonomi-bisnis/d-7060929/jokowi-terbitkan-aturan-penghentian-penyidikan-cukai-begini-penjelasan-kemenkeu,https://akcdn.detik.net.id/visual/2023/03/13/juru-bicara-kemenkeu-yustinus-prastowo-1_43.jpeg?w=250&q=
detikFinance,https://finance.detik.com/cpns/d-6978890/daftar-instansi-cpns-yang-ramai-dan-sepi-peminat-di-seleksi-cpns-2023,https://akcdn.detik.net.id/visual/2023/09/20/ilustrasi-link-pendaftaran-cpns-2023_43.jpeg?w=250&q=
detikJatim,https://www.detik.com/jatim/berita/d-7137671/pengumuman-hasil-kelulusan-cpns-2023-ini-link-di-berbagai-instansi,https://akcdn.detik.net.id/visual/2023/08/10/ilustrasi-tes-cpns_43.jpeg?w=250&q=
detikNews,https://news.detik.com/berita/d-7135573/perbedaan-tes-seleksi-cpns-dan-pppk-jenis-alur-dan-tahapan,https://akcdn.detik.net.id/visual/2023/02/03/ilustrasi-pegawai-asn_43.jpeg?w=250&q=
detikNews,https://news.detik.com/berita/d-7135570/cara-cek-formasi-cpns-dan-pppk-2024-link-dan-panduannya,https://akcdn.detik.net.id/visual/2023/02/03/ilustrasi-pegawai-asn_43.jpeg?w=250&q=
detikSumut,https://www.detik.com/sumut/berita/d-7134667/30-contoh-soal-twk-cpns-2024-lengkap-dengan-jawaban,https://akcdn.detik.net.id/visual/2020/01/27/8959c0a6-48eb-44f3-9b45-19b39ad83340_43.jpeg?w=250&q=
detikFinance,https://finance.detik.com/berita-ekonomi-bisnis/d-7060929/jokowi-terbitkan-aturan-penghentian-penyidikan-cukai-begini-penjelasan-kemenkeu,https://akcdn.detik.net.id/visual/2023/03/13/juru-bicara-kemenkeu-yustinus-prastowo-1_43.jpeg?w=250&q=
detikJatim,https://www.detik.com/jatim/berita/d-7137671/pengumuman-hasil-kelulusan-cpns-2023-ini-link-di-berbagai-instansi,https://akcdn.detik.net.id/visual/2023/08/10/ilustrasi-tes-cpns_43.jpeg?w=250&q=
detikNews,https://news.detik.com/berita/d-7135570/cara-cek-formasi-cpns-dan-pppk-2024-link-dan-panduannya,https://akcdn.detik.net.id/visual/2023/02/03/ilustrasi-pegawai-asn_43.jpeg?w=250&q=
detikNews,https://news.detik.com/berita/d-7135573/perbedaan-tes-seleksi-cpns-dan-pppk-jenis-alur-dan-tahapan,https://akcdn.detik.net.id/visual/2023/02/03/ilustrasi-pegawai-asn_43.jpeg?w=250&q=
detikJateng,https://www.detik.com/jateng/bisnis/d-7300057/pendaftaran-cpns-2024-dibuka-tanggal-berapa-cek-jadwal-syarat-cara-daftar,https://akcdn.detik.net.id/visual/2023/08/20/ilustrasi-lowongan-cpns-dan-pppk_43.jpeg?w=250&q=
detikSumut,https://www.detik.com/sumut/berita/d-7134667/30-contoh-soal-twk-cpns-2024-lengkap-dengan-jawaban,https://akcdn.detik.net.id/visual/2020/01/27/8959c0a6-48eb-44f3-9b45-19b39ad83340_43.jpeg?w=250&q=
detikBali,https://www.detik.com/bali/berita/d-7298364/daftar-formasi-cpns-dan-pppk-2024-untuk-jabatan-fungsional-cek-di-sini,https://akcdn.detik.net.id/visual/2023/08/10/ilustrasi-tes-cpns_43.jpeg?w=250&q=
detikHot,https://hot.detik.com/celeb/d-7298420/putri-nia-daniaty-belum-ganti-rugi-rp-8-1-m-pada-korban-cpns-bodong,https://akcdn.detik.net.id/visual/2021/10/11/anak-nia-daniaty-olivia-nathania-2_43.jpeg?w=250&q=
detikEdu,https://www.detik.com/edu/detikpedia/d-7133286/siap-siap-cpns-2024-pahami-syarat-dan-tahap-seleksinya,https://akcdn.detik.net.id/visual/2021/10/03/tes-casn-kota-depok_43.jpeg?w=250&q=
detikJabar,https://www.detik.com/jabar/berita/d-7133490/kapan-pendaftaran-cpns-2024-simak-formasi-cara-daftar-dan-persyaratannya,https://akcdn.detik.net.id/visual/2023/08/10/ilustrasi-tes-cpns_43.jpeg?w=250&q=
detikJogja,https://www.detik.com/jogja/bisnis/d-7297842/kapan-pendaftaran-cpns-2024-dibuka-ini-jadwal-syarat-dan-cara-daftarnya,https://akcdn.detik.net.id/visual/2023/08/10/ilustrasi-tes-cpns_43.jpeg?w=250&q=
detikFinance,https://finance.detik.com/cpns/d-7133164/langsung-cek-5-instansi-sudah-umumkan-hasil-seleksi-cpns,https://akcdn.detik.net.id/visual/2021/11/19/cpns-kemenkumham_43.jpeg?w=250&q=
detikSulsel,https://www.detik.com/sulsel/berita/d-7132282/link-pengumuman-hasil-cpns-kemenkumham-2023-lengkap-dengan-cara-ceknya,https://akcdn.detik.net.id/visual/2021/11/01/hasil-skd-cpns-kemenkumham-2021-kapan-diumumkan-berikut-serba-serbi-informasinya_43.jpeg?w=250&q=
detikEdu,https://www.detik.com/edu/detiktv/d-7297336/rekrutmen-cpns-kini-3-kali-setahun-peluang-jadi-asn-makin-terbuka,https://akcdn.detik.net.id/visual/2024/04/17/menteri-pendayagunaan-aparatur-negara-dan-reformasi-birokrasi-pan-rb-abdullah-azwar-anas_43.jpeg?w=250&q=
detikFinance,https://finance.detik.com/berita-ekonomi-bisnis/d-7337449/terkuak-ada-bisnis-pupuk-terkait-pejabat-bea-cukai-yang-dilaporkan-ke-kemenkeu,https://akcdn.detik.net.id/visual/2024/05/13/pengacara-dari-eternity-global-law-firm-andreas_43.jpeg?w=250&q=
detikFinance,https://finance.detik.com/cpns/d-7296836/seleksi-cpns-bakal-dibuka-mei-2024-200-ribu-formasi-khusus-buat-di-ikn,https://akcdn.detik.net.id/visual/2023/08/20/ilustrasi-lowongan-cpns-dan-pppk_43.jpeg?w=250&q=
detikNews,https://news.detik.com/berita/d-7296357/menpan-rb-soal-cpns-butuh-600-ribu-fresh-graduate-200-ribu-akan-ke-ikn,https://akcdn.detik.net.id/visual/2024/04/17/asik-pns-yang-pindah-ke-ikn-bakal-dapat-1-unit-rusun-8_43.jpeg?w=250&q=
detikSumut,https://www.detik.com/sumut/berita/d-7130995/seleksi-cpns-2024-pakai-computer-assisted-test-apa-itu,https://akcdn.detik.net.id/visual/2023/08/10/ilustrasi-tes-cpns_43.jpeg?w=250&q=
detikSulsel,https://www.detik.com/sulsel/detiksulsel/d-7130956/formasi-cpns-2024-lengkap-dengan-link-dan-cara-pendaftarannya,https://akcdn.detik.net.id/visual/2021/08/03/ilustrasi-pelamar-cpns_43.jpeg?w=250&q=
detikJatim,https://www.detik.com/jatim/bisnis/d-7130799/kapan-pendaftaran-cpns-2024-cek-formasi-cara-daftar-dan-syaratnya,https://akcdn.detik.net.id/visual/2023/08/20/ilustrasi-lowongan-cpns-dan-pppk_43.jpeg?w=250&q=
detikSumut,https://www.detik.com/sumut/berita/d-7130995/seleksi-cpns-2024-pakai-computer-assisted-test-apa-itu,https://akcdn.detik.net.id/visual/2023/08/10/ilustrasi-tes-cpns_43.jpeg?w=250&q=
detikFinance,https://finance.detik.com/berita-ekonomi-bisnis/d-7337229/pejabat-bea-cukai-dilaporkan-ke-kemenkeu-terungkap-soal-duit-rp-7-miliar,https://akcdn.detik.net.id/visual/2024/05/13/pengacara-dari-eternity-global-law-firm-andreas-2_43.jpeg?w=250&q=
detikSulsel,https://www.detik.com/sulsel/detiksulsel/d-7130956/formasi-cpns-2024-lengkap-dengan-link-dan-cara-pendaftarannya,https://akcdn.detik.net.id/visual/2021/08/03/ilustrasi-pelamar-cpns_43.jpeg?w=250&q=
detikJatim,https://www.detik.com/jatim/bisnis/d-7130799/kapan-pendaftaran-cpns-2024-cek-formasi-cara-daftar-dan-syaratnya,https://akcdn.detik.net.id/visual/2023/08/20/ilustrasi-lowongan-cpns-dan-pppk_43.jpeg?w=250&q=
detikFinance,https://finance.detik.com/berita-ekonomi-bisnis/d-7130294/menpan-rb-harap-tenaga-honorer-banyak-lolos-seleksi-cpns-2024,https://akcdn.detik.net.id/visual/2024/01/08/menteri-pendayagunaan-aparatur-negara-dan-reformasi-birokrasi-panrb-abdullah-azwar-anas_43.jpeg?w=250&q=
detikFinance,https://finance.detik.com/moneter/d-7130243/pemerintah-belum-umumkan-tanggal-penerimaan-cpns-ini-alasannya,https://akcdn.detik.net.id/visual/2024/01/08/menpan-rb-abdullah-azwar-anas_43.jpeg?w=250&q=
detikJateng,https://www.detik.com/jateng/bisnis/d-7129987/kapan-pendaftaran-cpns-2024-ini-jadwal-formasi-dan-cara-daftarnya,https://akcdn.detik.net.id/visual/2023/09/20/ilustrasi-link-pendaftaran-cpns-2023_43.jpeg?w=250&q=
detikEdu,https://www.detik.com/edu/detikpedia/d-7128469/690-822-formasi-cpns-2024-bisa-dilamar-fresh-graduate-siap-siap,https://akcdn.detik.net.id/visual/2021/11/12/pengumuman-skd-cpns-tahap-2-ini-daftar-25-kementerian-yang-termasuk_43.jpeg?w=250&q=
detikEdu,https://www.detik.com/edu/detikpedia/d-7128642/6-027-formasi-sekolah-kedinasan-2024-dibuka-lulus-bisa-jadi-cpns,https://akcdn.detik.net.id/visual/2024/01/06/menteri-pendayagunaan-aparatur-negara-dan-reformasi-birokrasi-menpan-rb-abdullah-azwar-anas_43.jpeg?w=250&q=
detikJogja,https://www.detik.com/jogja/bisnis/d-7128825/pendaftaran-cpns-2024-segera-dibuka-ini-persyaratan-dan-tahapan-seleksinya,https://akcdn.detik.net.id/visual/2023/08/10/ilustrasi-tes-cpns_43.jpeg?w=250&q=
detikFinance,https://finance.detik.com/cpns/d-7296836/seleksi-cpns-bakal-dibuka-mei-2024-200-ribu-formasi-khusus-buat-di-ikn,https://akcdn.detik.net.id/visual/2023/08/20/ilustrasi-lowongan-cpns-dan-pppk_43.jpeg?w=250&q=
detikNews,https://news.detik.com/berita/d-7296357/menpan-rb-soal-cpns-butuh-600-ribu-fresh-graduate-200-ribu-akan-ke-ikn,https://akcdn.detik.net.id/visual/2024/04/17/asik-pns-yang-pindah-ke-ikn-bakal-dapat-1-unit-rusun-8_43.jpeg?w=250&q=
detikFinance,https://finance.detik.com/cpns/d-7124727/jokowi-segera-umumkan-formasi-cpns-seleksi-dimulai-maret,https://akcdn.detik.net.id/visual/2017/10/12/7c5f1af3-a3df-46e6-8a54-ec3a416304fb_43.jpg?w=250&q=
detikSumbagsel,https://www.detik.com/sumbagsel/hukum-dan-kriminal/d-7123964/polda-lampung-kembali-tetapkan-satu-tersangka-baru-joki-cpns-kejaksaan,https://akcdn.detik.net.id/visual/2023/08/20/ilustrasi-lowongan-cpns-dan-pppk_43.jpeg?w=250&q=
detikJabar,https://www.detik.com/jabar/jabar-gaskeun/d-6994740/kegusaran-aditya-hingga-lahirkan-aplikasi-bimbel-cpns,https://akcdn.detik.net.id/visual/2023/10/21/aditya-pratama-ghifary_43.png?w=250&q=
detikHot,https://hot.detik.com/celeb/d-7294687/olivia-nathania-anak-nia-daniaty-bebas-dari-penjara-kasus-cpns-bodong,https://akcdn.detik.net.id/visual/2021/10/11/olivia-nathania-12_43.jpeg?w=250&q=
detikSumbagsel,https://www.detik.com/sumbagsel/berita/d-7122889/5-jurusan-berpeluang-paling-dibutuhkan-di-cpns-2024-ada-jurusanmu,https://akcdn.detik.net.id/visual/2023/08/20/ilustrasi-lowongan-cpns-dan-pppk_43.jpeg?w=250&q=
detikJatim,https://www.detik.com/jatim/berita/d-7294418/siap-siap-pendaftaran-cpns-2024-di-jatim-dibuka-ini-jadwal-dan-syaratnya,https://akcdn.detik.net.id/visual/2023/08/10/ilustrasi-tes-cpns_43.jpeg?w=250&q=
detikFinance,https://finance.detik.com/berita-ekonomi-bisnis/d-7337229/pejabat-bea-cukai-dilaporkan-ke-kemenkeu-terungkap-soal-duit-rp-7-miliar,https://akcdn.detik.net.id/visual/2024/05/13/pengacara-dari-eternity-global-law-firm-andreas-2_43.jpeg?w=250&q=
detikFinance,https://finance.detik.com/cpns/d-7120226/jokowi-bakal-umumkan-pembukaan-lowongan-cpns-minggu-ini,https://akcdn.detik.net.id/visual/2018/03/27/15156655-d036-4498-8e17-ea78aeed14e5_43.jpeg?w=250&q=
detikSumbagsel,https://www.detik.com/sumbagsel/berita/d-7122889/5-jurusan-berpeluang-paling-dibutuhkan-di-cpns-2024-ada-jurusanmu,https://akcdn.detik.net.id/visual/2023/08/20/ilustrasi-lowongan-cpns-dan-pppk_43.jpeg?w=250&q=
detikFinance,https://finance.detik.com/cpns/d-7120226/jokowi-bakal-umumkan-pembukaan-lowongan-cpns-minggu-ini,https://akcdn.detik.net.id/visual/2018/03/27/15156655-d036-4498-8e17-ea78aeed14e5_43.jpeg?w=250&q=
detikFinance,https://finance.detik.com/berita-ekonomi-bisnis/d-7256362/respons-sri-mulyani-soal-rencana-prabowo-gibran-pisahkan-djp-bea-cukai-dari-kemenkeu,https://akcdn.detik.net.id/visual/2024/02/26/pertemuan-menkeu-sri-mulyani-dan-menko-luhut-2_43.jpeg?w=250&q=
detikFinance,https://finance.detik.com/berita-ekonomi-bisnis/d-7253847/prabowo-gibran-harus-pikirkan-ini-sebelum-pisahkan-pajak-bea-cukai-dari-kemenkeu,https://akcdn.detik.net.id/visual/2024/02/15/buzz-dan-kemenangan-prabowo-gibran_43.jpeg?w=250&q=
detikJabar,https://www.detik.com/jabar/berita/d-6910712/info-terbaru-pendaftaran-cpns-2023,https://akcdn.detik.net.id/visual/2023/08/20/ilustrasi-lowongan-cpns-dan-pppk_43.jpeg?w=250&q=
detikFinance,https://finance.detik.com/berita-ekonomi-bisnis/d-7252982/rencana-prabowo-gibran-keluarkan-djp-bea-cukai-dari-kemenkeu-bentuk-bpn,https://akcdn.detik.net.id/visual/2024/02/14/potret-prabowo-gibran-pidato-terimakasih-untuk-pendukungnya-4_43.jpeg?w=250&q=
detikJatim,https://www.detik.com/jatim/hukum-dan-kriminal/d-7339747/penipu-cpns-kemenkumham-ditangkap-di-trenggalek-korban-rugi-rp-100-juta,https://akcdn.detik.net.id/visual/2024/05/14/penipuan-cpns-trenggalek_43.jpeg?w=250&q=
detikFinance,https://finance.detik.com/berita-ekonomi-bisnis/d-7251619/kantor-bea-cukai-fakfak-dituding-berdiri-di-atas-lahan-orang-ini-kata-kemenkeu,https://akcdn.detik.net.id/visual/2023/01/24/apa-saja-tugas-dan-fungsi-bea-cukai-cek-informasinya-di-sini-1_43.jpeg?w=250&q=
detikFinance,https://finance.detik.com/berita-ekonomi-bisnis/d-7250413/kemenkeu-bicara-tujuan-blokir-anggaran-rp-50-t-agar-k-l-berhemat,https://akcdn.detik.net.id/visual/2024/03/19/menteri-keuangan-sri-mulyani-dalam-rapat-kerja-dengan-komisi-xi-dpr-ri_43.jpeg?w=250&q=
detikFinance,https://finance.detik.com/berita-ekonomi-bisnis/d-7250072/komisi-xi-tagih-kemenkeu-soal-pelaksanaan-cukai-plastik-minuman-berpemanis,https://akcdn.detik.net.id/visual/2024/03/19/menteri-keuangan-sri-mulyani-dalam-rapat-kerja-dengan-komisi-xi-dpr-ri_43.jpeg?w=250&q=
detikFinance,https://finance.detik.com/berita-ekonomi-bisnis/d-7250072/komisi-xi-tagih-kemenkeu-soal-pelaksanaan-cukai-plastik-minuman-berpemanis,https://akcdn.detik.net.id/visual/2024/03/19/menteri-keuangan-sri-mulyani-dalam-rapat-kerja-dengan-komisi-xi-dpr-ri_43.jpeg?w=250&q=
detikFinance,https://finance.detik.com/berita-ekonomi-bisnis/d-7249779/komisi-xi-minta-kenaikan-ppn-jadi-12-ditunda-ini-kata-kemenkeu,https://akcdn.detik.net.id/visual/2024/03/19/menteri-keuangan-sri-mulyani-dalam-rapat-kerja-dengan-komisi-xi-dpr-ri_43.jpeg?w=250&q=
detikFinance,https://finance.detik.com/cpns/d-7114462/siap-siap-jokowi-umumkan-rekrutmen-cpns-awal-januari,https://akcdn.detik.net.id/visual/2023/12/29/menteri-pan-rb-azwar-anas_43.jpeg?w=250&q=
detikFinance,https://finance.detik.com/infrastruktur/d-7247482/kemendagri-kemenkeu-rapat-di-dpr-soal-ruu-dkj-bahas-pengelolaan-gbk-monas,https://akcdn.detik.net.id/visual/2015/04/28/0116cc4d-de85-4991-a3de-4d46b464f9c0_43.jpg?w=250&q=
detikJatim,https://www.detik.com/jatim/hukum-dan-kriminal/d-7339747/penipu-cpns-kemenkumham-ditangkap-di-trenggalek-korban-rugi-rp-100-juta,https://akcdn.detik.net.id/visual/2024/05/14/penipuan-cpns-trenggalek_43.jpeg?w=250&q=
detikFinance,https://finance.detik.com/berita-ekonomi-bisnis/d-7246985/bayar-thr-gaji-ke-13-pns-100-kemenkeu-pastikan-dompet-negara-aman,https://akcdn.detik.net.id/visual/2023/04/06/ilustrasi-thr_43.jpeg?w=250&q=
detikFinance,https://finance.detik.com/berita-ekonomi-bisnis/d-7245917/thr-gaji-ke-13-pns-dibayar-100-kemenkeu-klaim-keuangan-negara-membaik,https://akcdn.detik.net.id/visual/2023/04/04/ilustrasi-tunjangan-hari-raya-atau-thr_43.jpeg?w=250&q=
detikSulsel,https://www.detik.com/sulsel/berita/d-6982396/kapan-hasil-seleksi-administrasi-cpns-2023-diumumkan,https://akcdn.detik.net.id/visual/2021/06/28/cpns-2021_43.jpeg?w=250&q=
detikFinance,https://finance.detik.com/detiktv/d-7243964/kemenkeu-gelontorkan-total-rp-99-5-t-untuk-thr-gaji-ke-13-asn,https://akcdn.detik.net.id/visual/2024/03/15/sri-mulyani-umumkan-thr-gaji-ke-13-pns-dibayar-100-tahun-ini-1_43.jpeg?w=250&q=
detikEdu,https://www.detik.com/edu/detikpedia/d-6980399/mengenal-ppatk-di-cpns-2023-simak-ya,https://akcdn.detik.net.id/visual/2023/03/21/rapat-komisi-iii-dpr-dengan-ppatk-selasa-2132023-firda-cynthia-anggrainydetikcom-2_43.jpeg?w=250&q=
detikFinance,https://finance.detik.com/moneter/d-7241211/kemenkeu-ungkap-nasib-aset-tommy-soeharto-cs-kini-di-tangan-hadi-tjahjanto,https://akcdn.detik.net.id/visual/2022/10/14/infografis-aset-tommy-soeharto-nggak-laku-laku-1_43.jpeg?w=250&q=
detikHot,https://hot.detik.com/celeb/d-7105268/rumah-didatangi-korban-tes-cpns-bodong-nia-daniaty-takut,https://akcdn.detik.net.id/visual/2023/03/15/nia-daniaty_43.jpeg?w=250&q=
detikJatim,https://www.detik.com/jatim/berita/d-6974078/pendaftaran-cpns-2023-diperpanjang-hingga-11-oktober,https://akcdn.detik.net.id/visual/2023/08/10/ilustrasi-tes-cpns_43.jpeg?w=250&q=
detikFinance,https://finance.detik.com/bursa-dan-valas/d-7026018/cara-beli-sbn-ritel-st011-kemenkeu-kuponnya-6-5,https://akcdn.detik.net.id/visual/2014/06/05/0e8a3abb-efa0-4b75-b22a-ec73ec93cbed_43.jpg?w=250&q=
detikNews,https://news.detik.com/berita/d-7232949/update-proyek-fly-over-sitinjau-lauik-andre-rosiade-temui-dirjen-ppr-kemenkeu,https://akcdn.detik.net.id/visual/2024/03/08/andre-rosiade-bertemu-dirjen-ppr-kemenkeu-suminto-dok-andre-rosiade_43.jpeg?w=250&q=
detikEdu,https://www.detik.com/edu/detikpedia/d-7098547/bobot-nilai-skb-cpns-2023-dan-ketentuan-lulusnya-peserta-catat,https://akcdn.detik.net.id/visual/2021/11/15/kejaksaan-cpns-2021-pengumuman-peserta-jadwal-pelaksanaan-skb_43.jpeg?w=250&q=
detikFinance,https://finance.detik.com/cpns/d-6966096/deretan-instansi-yang-sepi-peminat-cpns-2023,https://akcdn.detik.net.id/visual/2017/07/12/56cbe533-49f2-45b6-8314-1fd10868cefe_43.jpg?w=250&q=
detikFinance,https://finance.detik.com/cpns/d-6965043/cpns-kejaksaan-2023-sudah-dilamar-42-337-orang,https://akcdn.detik.net.id/visual/2022/07/18/hari-bhakti-adhyaksa-2022-tema-dan-sejarah-hut-kejaksaaan-ri_43.jpeg?w=250&q=
detikNews,https://news.detik.com/berita/d-7014963/andre-rosiade-alhamdulillah-pupr-surati-kemenkeu-soal-flyover-sitinjau-lauik,https://akcdn.detik.net.id/visual/2023/03/28/anggota-komisi-vi-dpr-ri-dari-fraksi-gerindra-andre-rosiade_43.jpeg?w=250&q=
detikJogja,https://www.detik.com/jogja/bisnis/d-6962302/contoh-surat-lamaran-cpns-kemenkumham-2023,https://akcdn.detik.net.id/visual/2021/10/07/cara-membuat-sktm-atau-surat-keterangan-tidak-mampu-lengkap-dan-mudah_43.jpeg?w=250&q=
